,date,value
0,2015-05-27,1.0
1,2015-05-29,1.001
2,2015-06-04,1.03
3,2015-06-05,1.027
4,2015-06-08,1.011
5,2015-06-09,1.005
6,2015-06-10,1.028
7,2015-06-11,1.054
8,2015-06-12,1.062
9,2015-06-15,1.013
10,2015-06-16,0.965
11,2015-06-17,0.981
12,2015-06-18,0.941
13,2015-06-19,0.894
14,2015-06-23,0.905
15,2015-06-24,0.919
16,2015-06-25,0.901
17,2015-06-26,0.836
18,2015-06-29,0.769
19,2015-06-30,0.822
20,2015-07-01,0.785
21,2015-07-02,0.741
22,2015-07-03,0.702
23,2015-07-06,0.671
24,2015-07-07,0.632
25,2015-07-08,0.609
26,2015-07-09,1.0
27,2015-07-10,1.043
28,2015-07-13,1.108
29,2015-07-14,1.176
30,2015-07-15,1.106
31,2015-07-16,1.146
32,2015-07-17,1.226
33,2015-07-20,1.249
34,2015-07-21,1.288
35,2015-07-22,1.293
36,2015-07-23,1.333
37,2015-07-24,1.307
38,2015-07-27,1.19
39,2015-07-28,1.167
40,2015-07-29,1.219
41,2015-07-30,1.172
42,2015-07-31,1.169
43,2015-08-03,1.149
44,2015-08-04,1.202
45,2015-08-05,1.187
46,2015-08-06,1.168
47,2015-08-07,1.204
48,2015-08-10,1.262
49,2015-08-11,1.25
50,2015-08-12,1.224
51,2015-08-13,1.238
52,2015-08-14,1.254
53,2015-08-17,1.29
54,2015-08-18,1.21
55,2015-08-19,1.254
56,2015-08-20,1.189
57,2015-08-21,1.12
58,2015-08-24,1.017
59,2015-08-25,0.927
60,2015-08-26,0.906
61,2015-08-27,0.947
62,2015-08-28,1.003
63,2015-08-31,0.956
64,2015-09-01,0.896
65,2015-09-02,0.889
66,2015-09-07,0.896
67,2015-09-08,0.94
68,2015-09-09,0.966
69,2015-09-10,0.965
70,2015-09-11,0.97
71,2015-09-14,0.909
72,2015-09-15,0.872
73,2015-09-16,0.944
74,2015-09-17,0.928
75,2015-09-18,0.942
76,2015-09-21,0.969
77,2015-09-22,0.974
78,2015-09-23,0.954
79,2015-09-24,0.968
80,2015-09-25,0.936
81,2015-09-28,0.954
82,2015-09-29,0.937
83,2015-09-30,0.939
84,2015-10-08,0.984
85,2015-10-09,0.996
86,2015-10-12,1.036
87,2015-10-13,1.047
88,2015-10-14,1.053
89,2015-10-15,1.082
90,2015-10-16,1.098
91,2015-10-19,1.084
92,2015-10-20,1.1
93,2015-10-21,1.067
94,2015-10-22,1.119
95,2015-10-23,1.154
96,2015-10-26,1.144
97,2015-10-27,1.153
98,2015-10-28,1.12
99,2015-10-29,1.124
100,2015-10-30,1.123
101,2015-11-02,1.094
102,2015-11-03,1.096
103,2015-11-04,1.151
104,2015-11-05,1.14
105,2015-11-06,1.16
106,2015-11-09,1.178
107,2015-11-10,1.178
108,2015-11-11,1.222
109,2015-11-12,1.224
110,2015-11-13,1.204
111,2015-11-16,1.216
112,2015-11-17,1.198
113,2015-11-18,1.171
114,2015-11-19,1.195
115,2015-11-20,1.199
116,2015-11-23,1.211
117,2015-11-24,1.226
118,2015-11-25,1.249
119,2015-11-26,1.23
120,2015-11-27,1.157
121,2015-11-30,1.157
122,2015-12-01,1.16
123,2015-12-02,1.151
124,2015-12-03,1.185
125,2015-12-04,1.185
126,2015-12-07,1.2
127,2015-12-08,1.169
128,2015-12-09,1.156
129,2015-12-10,1.165
130,2015-12-11,1.154
131,2015-12-14,1.163
132,2015-12-15,1.156
133,2015-12-16,1.161
134,2015-12-17,1.175
135,2015-12-18,1.194
136,2015-12-21,1.22
137,2015-12-22,1.232
138,2015-12-23,1.217
139,2015-12-24,1.23
140,2015-12-25,1.239
141,2015-12-28,1.209
142,2015-12-29,1.209
143,2015-12-30,1.213
144,2015-12-31,1.197
145,2016-01-04,1.095
146,2016-01-05,1.074
147,2016-01-06,1.095
148,2016-01-07,1.0
149,2016-01-08,1.016
150,2016-01-11,0.945
151,2016-01-12,0.965
152,2016-01-13,0.928
153,2016-01-14,0.97
154,2016-01-15,0.94
155,2016-01-18,0.96
156,2016-01-19,0.996
157,2016-01-20,0.991
158,2016-01-21,0.977
159,2016-01-22,0.984
160,2016-01-25,0.99
161,2016-01-26,0.919
162,2016-01-27,0.916
163,2016-01-28,0.887
164,2016-01-29,0.915
165,2016-02-01,0.908
166,2016-02-02,0.94
167,2016-02-03,0.934
168,2016-02-04,0.956
169,2016-02-05,0.947
170,2016-02-15,0.949
171,2016-02-16,0.985
172,2016-02-17,0.991
173,2016-02-18,0.989
174,2016-02-19,0.992
175,2016-02-22,1.004
176,2016-02-23,1.001
177,2016-02-24,0.996
178,2016-02-25,0.927
179,2016-02-26,0.923
180,2016-02-29,0.872
181,2016-03-01,0.881
182,2016-03-02,0.92
183,2016-03-03,0.926
184,2016-03-04,0.887
185,2016-03-07,0.904
186,2016-03-08,0.914
187,2016-03-09,0.907
188,2016-03-10,0.887
189,2016-03-11,0.886
190,2016-03-14,0.922
191,2016-03-15,0.92
192,2016-03-16,0.91
193,2016-03-17,0.944
194,2016-03-18,0.974
195,2016-03-21,0.995
196,2016-03-22,0.995
197,2016-03-23,0.998
198,2016-03-24,0.976
199,2016-03-25,0.985
200,2016-03-28,0.963
201,2016-03-29,0.942
202,2016-03-30,0.972
203,2016-03-31,0.969
204,2016-04-01,0.961
205,2016-04-05,0.988
206,2016-04-06,0.996
207,2016-04-07,0.982
208,2016-04-08,0.968
209,2016-04-11,0.995
210,2016-04-12,0.992
211,2016-04-13,1.01
212,2016-04-14,1.012
213,2016-04-15,1.009
214,2016-04-18,0.99
215,2016-04-19,0.996
216,2016-04-20,0.955
217,2016-04-21,0.944
218,2016-04-22,0.956
219,2016-04-25,0.958
220,2016-04-26,0.967
221,2016-04-27,0.959
222,2016-04-28,0.958
223,2016-04-29,0.961
224,2016-05-03,0.99
225,2016-05-04,0.988
226,2016-05-05,0.991
227,2016-05-06,0.957
228,2016-05-09,0.933
229,2016-05-10,0.936
230,2016-05-11,0.941
231,2016-05-12,0.941
232,2016-05-13,0.939
233,2016-05-16,0.951
234,2016-05-17,0.956
235,2016-05-18,0.928
236,2016-05-19,0.93
237,2016-05-20,0.938
238,2016-05-23,0.951
239,2016-05-24,0.941
240,2016-05-25,0.936
241,2016-05-26,0.944
242,2016-05-27,0.94
243,2016-05-30,0.929
244,2016-05-31,0.963
245,2016-06-01,0.973
246,2016-06-02,0.976
247,2016-06-03,0.986
248,2016-06-06,0.984
249,2016-06-07,0.977
250,2016-06-08,0.97
251,2016-06-13,0.937
252,2016-06-14,0.939
253,2016-06-15,0.96
254,2016-06-16,0.953
255,2016-06-17,0.974
256,2016-06-20,0.971
257,2016-06-21,0.964
258,2016-06-22,0.979
259,2016-06-23,0.977
260,2016-06-24,0.973
261,2016-06-27,0.988
262,2016-06-28,1.008
263,2016-06-29,1.006
264,2016-06-30,1.013
265,2016-07-01,1.011
266,2016-07-04,1.028
267,2016-07-05,1.025
268,2016-07-06,1.037
269,2016-07-07,1.045
270,2016-07-08,1.039
271,2016-07-11,1.027
272,2016-07-12,1.043
273,2016-07-13,1.048
274,2016-07-14,1.05
275,2016-07-15,1.044
276,2016-07-18,1.051
277,2016-07-19,1.056
278,2016-07-20,1.052
279,2016-07-21,1.054
280,2016-07-22,1.057
281,2016-07-25,1.061
282,2016-07-26,1.077
283,2016-07-27,1.042
284,2016-07-28,1.049
285,2016-07-29,1.045
286,2016-08-01,1.022
287,2016-08-02,1.032
288,2016-08-03,1.043
289,2016-08-04,1.043
290,2016-08-05,1.036
291,2016-08-08,1.05
292,2016-08-09,1.062
293,2016-08-10,1.061
294,2016-08-11,1.044
295,2016-08-12,1.05
296,2016-08-15,1.065
297,2016-08-16,1.068
298,2016-08-17,1.07
299,2016-08-18,1.065
300,2016-08-19,1.068
301,2016-08-22,1.062
302,2016-08-23,1.07
303,2016-08-24,1.068
304,2016-08-25,1.062
305,2016-08-26,1.071
306,2016-08-29,1.079
307,2016-08-30,1.08
308,2016-08-31,1.082
309,2016-09-01,1.077
310,2016-09-02,1.069
311,2016-09-05,1.07
312,2016-09-06,1.083
313,2016-09-07,1.088
314,2016-09-08,1.09
315,2016-09-09,1.08
316,2016-09-12,1.049
317,2016-09-13,1.051
318,2016-09-14,1.05
319,2016-09-19,1.061
320,2016-09-20,1.063
321,2016-09-21,1.062
322,2016-09-22,1.072
323,2016-09-23,1.074
324,2016-09-26,1.056
325,2016-09-27,1.062
326,2016-09-28,1.061
327,2016-09-29,1.069
328,2016-09-30,1.078
329,2016-10-10,1.096
330,2016-10-11,1.096
331,2016-10-12,1.115
332,2016-10-13,1.106
333,2016-10-14,1.102
334,2016-10-17,1.09
335,2016-10-18,1.1
336,2016-10-19,1.097
337,2016-10-20,1.096
338,2016-10-21,1.094
339,2016-10-24,1.102
340,2016-10-25,1.094
341,2016-10-26,1.092
342,2016-10-27,1.086
343,2016-10-28,1.075
344,2016-10-31,1.073
345,2016-11-01,1.084
346,2016-11-02,1.08
347,2016-11-03,1.08
348,2016-11-04,1.08
349,2016-11-07,1.071
350,2016-11-08,1.077
351,2016-11-09,1.07
352,2016-11-10,1.083
353,2016-11-11,1.079
354,2016-11-14,1.08
355,2016-11-15,1.086
356,2016-11-16,1.087
357,2016-11-17,1.086
358,2016-11-18,1.088
359,2016-11-21,1.09
360,2016-11-22,1.094
361,2016-11-23,1.086
362,2016-11-24,1.084
363,2016-11-25,1.097
364,2016-11-28,1.096
365,2016-11-29,1.09
366,2016-11-30,1.092
367,2016-12-01,1.095
368,2016-12-02,1.079
369,2016-12-05,1.078
370,2016-12-06,1.081
371,2016-12-07,1.083
372,2016-12-08,1.078
373,2016-12-09,1.072
374,2016-12-12,1.021
375,2016-12-13,1.022
376,2016-12-14,1.015
377,2016-12-15,0.994
378,2016-12-16,1.007
379,2016-12-19,1.007
380,2016-12-20,1.008
381,2016-12-21,1.016
382,2016-12-22,1.015
383,2016-12-23,1.01
384,2016-12-26,1.016
385,2016-12-27,1.014
386,2016-12-28,1.012
387,2016-12-29,1.002
388,2016-12-30,1.008
389,2016-12-31,1.008
390,2017-01-03,1.012
391,2017-01-04,1.017
392,2017-01-05,1.016
393,2017-01-06,1.008
394,2017-01-09,1.009
395,2017-01-10,1.008
396,2017-01-11,0.999
397,2017-01-12,0.992
398,2017-01-13,0.976
399,2017-01-16,0.947
400,2017-01-17,0.95
401,2017-01-18,0.944
402,2017-01-19,0.942
403,2017-01-20,0.954
404,2017-01-23,0.956
405,2017-01-24,0.951
406,2017-01-25,0.962
407,2017-01-26,0.97
408,2017-02-03,0.965
409,2017-02-06,0.979
410,2017-02-07,0.978
411,2017-02-08,0.986
412,2017-02-09,0.99
413,2017-02-10,0.986
414,2017-02-13,0.994
415,2017-02-14,0.988
416,2017-02-15,0.989
417,2017-02-16,0.991
418,2017-02-17,0.984
419,2017-02-20,0.997
420,2017-02-21,1.001
421,2017-02-22,1.004
422,2017-02-23,1.013
423,2017-02-24,1.018
424,2017-02-27,1.011
425,2017-02-28,1.013
426,2017-03-01,1.015
427,2017-03-02,1.009
428,2017-03-03,1.011
429,2017-03-06,1.018
430,2017-03-07,1.021
431,2017-03-08,1.019
432,2017-03-09,1.013
433,2017-03-10,1.014
434,2017-03-13,1.019
435,2017-03-14,1.018
436,2017-03-15,1.021
437,2017-03-16,1.028
438,2017-03-17,1.016
439,2017-03-20,1.022
440,2017-03-21,1.026
441,2017-03-22,1.027
442,2017-03-23,1.028
443,2017-03-24,1.036
444,2017-03-27,1.029
445,2017-03-28,1.025
446,2017-03-29,1.019
447,2017-03-30,1.002
448,2017-03-31,1.01
449,2017-04-05,1.02
450,2017-04-06,1.019
451,2017-04-07,1.016
452,2017-04-10,1.01
453,2017-04-11,1.011
454,2017-04-12,1.01
455,2017-04-13,1.013
456,2017-04-14,1.008
457,2017-04-17,1.004
458,2017-04-18,1.004
459,2017-04-19,0.994
460,2017-04-20,1.003
461,2017-04-21,1.001
462,2017-04-24,0.988
463,2017-04-25,0.993
464,2017-04-26,0.997
465,2017-04-27,1.003
466,2017-04-28,1.009
467,2017-05-02,1.007
468,2017-05-03,1.005
469,2017-05-04,0.994
470,2017-05-05,0.984
471,2017-05-08,0.972
472,2017-05-09,0.975
473,2017-05-10,0.958
474,2017-05-11,0.955
475,2017-05-12,0.96
476,2017-05-15,0.966
477,2017-05-16,0.985
478,2017-05-17,0.986
479,2017-05-18,0.982
480,2017-05-19,0.983
481,2017-05-22,0.973
482,2017-05-23,0.957
483,2017-05-24,0.965
484,2017-05-25,0.971
485,2017-05-26,0.974
486,2017-05-31,0.977
487,2017-06-01,0.967
488,2017-06-02,0.967
489,2017-06-05,0.972
490,2017-06-06,0.974
491,2017-06-07,0.992
492,2017-06-08,0.993
493,2017-06-09,0.997
494,2017-06-12,0.989
495,2017-06-13,0.998
496,2017-06-14,0.993
497,2017-06-15,0.998
498,2017-06-16,0.997
499,2017-06-19,1.003
500,2017-06-20,0.999
501,2017-06-21,1.005
502,2017-06-22,0.995
503,2017-06-23,0.999
504,2017-06-26,1.015
505,2017-06-27,1.022
506,2017-06-28,1.016
507,2017-06-29,1.019
508,2017-06-30,1.024
509,2017-07-03,1.027
510,2017-07-04,1.017
511,2017-07-05,1.01
512,2017-07-06,1.004
513,2017-07-07,1.004
514,2017-07-10,0.998
515,2017-07-11,0.992
516,2017-07-12,0.984
517,2017-07-13,0.998
518,2017-07-14,0.987
519,2017-07-17,0.944
520,2017-07-18,0.946
521,2017-07-19,0.952
522,2017-07-20,0.949
523,2017-07-21,0.942
524,2017-07-24,0.939
525,2017-07-25,0.946
526,2017-07-26,0.939
527,2017-07-27,0.955
528,2017-07-28,0.956
529,2017-07-31,0.956
530,2017-08-01,0.955
531,2017-08-02,0.947
532,2017-08-03,0.948
533,2017-08-04,0.942
534,2017-08-07,0.962
535,2017-08-08,0.969
536,2017-08-09,0.975
537,2017-08-10,0.969
538,2017-08-11,0.962
539,2017-08-14,0.977
540,2017-08-15,0.976
541,2017-08-16,0.985
542,2017-08-17,0.985
543,2017-08-18,0.994
544,2017-08-21,0.997
545,2017-08-22,0.989
546,2017-08-23,0.984
547,2017-08-24,0.975
548,2017-08-25,0.982
549,2017-08-28,0.992
550,2017-08-29,0.987
551,2017-08-30,0.992
552,2017-08-31,0.997
553,2017-09-01,0.994
554,2017-09-04,0.999
555,2017-09-05,1.013
556,2017-09-06,1.017
557,2017-09-07,1.018
558,2017-09-08,1.031
559,2017-09-11,1.028
560,2017-09-12,1.028
561,2017-09-13,1.031
562,2017-09-14,1.033
563,2017-09-15,1.029
564,2017-09-18,1.038
565,2017-09-19,1.039
566,2017-09-20,1.041
567,2017-09-21,1.038
568,2017-09-22,1.031
569,2017-09-25,1.042
570,2017-09-26,1.036
571,2017-09-27,1.039
572,2017-09-28,1.04
573,2017-09-29,1.045
574,2017-10-09,1.057
575,2017-10-10,1.084
576,2017-10-11,1.079
577,2017-10-12,1.077
578,2017-10-13,1.08
579,2017-10-16,1.067
580,2017-10-17,1.067
581,2017-10-18,1.073
582,2017-10-19,1.078
583,2017-10-20,1.084
584,2017-10-23,1.094
585,2017-10-24,1.093
586,2017-10-25,1.104
587,2017-10-26,1.105
588,2017-10-27,1.109
589,2017-10-30,1.095
590,2017-10-31,1.102
591,2017-11-01,1.1
592,2017-11-02,1.1
593,2017-11-03,1.095
594,2017-11-06,1.115
595,2017-11-07,1.12
596,2017-11-08,1.114
597,2017-11-09,1.121
598,2017-11-10,1.135
599,2017-11-13,1.135
600,2017-11-14,1.127
601,2017-11-15,1.123
602,2017-11-16,1.149
603,2017-11-17,1.121
604,2017-11-20,1.137
605,2017-11-21,1.135
606,2017-11-22,1.13
607,2017-11-23,1.099
608,2017-11-24,1.1
609,2017-11-27,1.089
610,2017-11-28,1.102
611,2017-11-29,1.093
612,2017-11-30,1.092
613,2017-12-01,1.101
614,2017-12-04,1.091
615,2017-12-05,1.08
616,2017-12-06,1.087
617,2017-12-07,1.086
618,2017-12-08,1.095
619,2017-12-11,1.114
620,2017-12-12,1.106
621,2017-12-13,1.108
622,2017-12-14,1.107
623,2017-12-15,1.073
624,2017-12-18,1.069
625,2017-12-19,1.082
626,2017-12-20,1.072
627,2017-12-21,1.073
628,2017-12-22,1.073
629,2017-12-25,1.061
630,2017-12-26,1.062
631,2017-12-27,1.05
632,2017-12-28,1.051
633,2017-12-29,1.061
634,2017-12-31,1.061
635,2018-01-02,1.068
636,2018-01-03,1.075
637,2018-01-04,1.081
638,2018-01-05,1.075
639,2018-01-08,1.071
640,2018-01-09,1.084
641,2018-01-10,1.077
642,2018-01-11,1.084
643,2018-01-12,1.083
644,2018-01-15,1.068
645,2018-01-16,1.066
646,2018-01-17,1.059
647,2018-01-18,1.059
648,2018-01-19,1.058
649,2018-01-22,1.067
650,2018-01-23,1.068
651,2018-01-24,1.078
652,2018-01-25,1.069
653,2018-01-26,1.072
654,2018-01-29,1.057
655,2018-01-30,1.051
656,2018-01-31,1.029
657,2018-02-01,0.994
658,2018-02-02,0.991
659,2018-02-05,0.974
660,2018-02-06,0.941
661,2018-02-07,0.94
662,2018-02-08,0.949
663,2018-02-09,0.927
664,2018-02-12,0.954
665,2018-02-13,0.959
666,2018-02-14,0.962
667,2018-02-22,0.979
668,2018-02-23,0.977
669,2018-02-26,0.995
670,2018-02-27,0.999
671,2018-02-28,0.997
672,2018-03-01,1.014
673,2018-03-02,1.016
674,2018-03-05,1.025
675,2018-03-06,1.038
676,2018-03-07,1.031
677,2018-03-08,1.049
678,2018-03-09,1.057
679,2018-03-12,1.07
680,2018-03-13,1.058
681,2018-03-14,1.044
682,2018-03-15,1.043
683,2018-03-16,1.043
684,2018-03-19,1.062
685,2018-03-20,1.081
686,2018-03-21,1.068
687,2018-03-22,1.057
688,2018-03-23,1.024
689,2018-03-26,1.054
690,2018-03-27,1.071
691,2018-03-28,1.083
692,2018-03-29,1.083
693,2018-03-30,1.109
694,2018-04-02,1.107
695,2018-04-03,1.106
696,2018-04-04,1.098
697,2018-04-09,1.102
698,2018-04-10,1.113
699,2018-04-11,1.12
700,2018-04-12,1.135
701,2018-04-13,1.115
702,2018-04-16,1.114
703,2018-04-17,1.085
704,2018-04-18,1.097
705,2018-04-19,1.105
706,2018-04-20,1.09
707,2018-04-23,1.076
708,2018-04-24,1.109
709,2018-04-25,1.139
710,2018-04-26,1.12
711,2018-04-27,1.146
712,2018-05-02,1.172
713,2018-05-03,1.164
714,2018-05-04,1.19
715,2018-05-07,1.212
716,2018-05-08,1.199
717,2018-05-09,1.201
718,2018-05-10,1.229
719,2018-05-11,1.197
720,2018-05-14,1.206
721,2018-05-15,1.229
722,2018-05-16,1.238
723,2018-05-17,1.222
724,2018-05-18,1.216
725,2018-05-21,1.217
726,2018-05-22,1.252
727,2018-05-23,1.246
728,2018-05-24,1.254
729,2018-05-25,1.251
730,2018-05-28,1.257
731,2018-05-29,1.215
732,2018-05-30,1.199
733,2018-05-31,1.222
734,2018-06-01,1.178
735,2018-06-04,1.176
736,2018-06-05,1.211
737,2018-06-06,1.225
738,2018-06-07,1.212
739,2018-06-08,1.218
740,2018-06-11,1.185
741,2018-06-12,1.207
742,2018-06-13,1.176
743,2018-06-14,1.169
744,2018-06-15,1.149
745,2018-06-19,1.1
746,2018-06-20,1.132
747,2018-06-21,1.116
748,2018-06-22,1.123
749,2018-06-25,1.114
750,2018-06-26,1.115
751,2018-06-27,1.086
752,2018-06-28,1.076
753,2018-06-29,1.127
754,2018-06-30,1.127
755,2018-07-02,1.125
756,2018-07-03,1.122
757,2018-07-04,1.113
758,2018-07-05,1.079
759,2018-07-06,1.0836
760,2018-07-09,1.1325
761,2018-07-10,1.1412
762,2018-07-11,1.1419
763,2018-07-12,1.1734
764,2018-07-13,1.197
765,2018-07-16,1.1924
766,2018-07-17,1.1726
767,2018-07-18,1.165
768,2018-07-19,1.1359
769,2018-07-20,1.1379
770,2018-07-23,1.0528
771,2018-07-24,1.0636
772,2018-07-25,1.0777
773,2018-07-26,1.0632
774,2018-07-27,1.0664
775,2018-07-30,1.0302
776,2018-07-31,1.034
777,2018-08-01,1.0205
778,2018-08-02,1.0304
779,2018-08-03,1.0013
780,2018-08-06,0.9626
781,2018-08-07,0.9904
782,2018-08-08,0.9659
783,2018-08-09,0.9966
784,2018-08-10,1.0135
785,2018-08-13,1.0254
786,2018-08-14,1.0253
787,2018-08-15,0.9992
788,2018-08-16,1.0023
789,2018-08-17,0.9701
790,2018-08-20,0.9629
791,2018-08-21,0.9958
792,2018-08-22,0.9913
793,2018-08-23,1.0038
794,2018-08-24,1.0085
795,2018-08-27,1.0399
796,2018-08-28,1.0427
797,2018-08-29,1.0393
798,2018-08-30,1.029
799,2018-08-31,1.0152
800,2018-09-03,1.0212
801,2018-09-04,1.0243
802,2018-09-05,1.003
803,2018-09-06,1.0003
804,2018-09-07,1.0099
805,2018-09-10,0.9983
806,2018-09-11,1.0048
807,2018-09-12,0.9922
808,2018-09-13,0.978
809,2018-09-14,0.9659
810,2018-09-17,0.9514
811,2018-09-18,0.9719
812,2018-09-19,0.9814
813,2018-09-20,0.9776
814,2018-09-21,1.0016
815,2018-09-25,1.0037
816,2018-09-26,1.0142
817,2018-09-27,1.0257
818,2018-09-28,1.0338
819,2018-10-08,0.9911
820,2018-10-09,0.9879
821,2018-10-10,0.9782
822,2018-10-11,0.9244
823,2018-10-12,0.9223
824,2018-10-15,0.9121
825,2018-10-16,0.8837
826,2018-10-17,0.8756
827,2018-10-18,0.8321
828,2018-10-19,0.8688
829,2018-10-22,0.9118
830,2018-10-23,0.9041
831,2018-10-24,0.8885
832,2018-10-25,0.8824
833,2018-10-26,0.8759
834,2018-10-29,0.858
835,2018-10-30,0.87
836,2018-10-31,0.8895
837,2018-11-01,0.893
838,2018-11-02,0.9332
839,2018-11-05,0.9326
840,2018-11-06,0.9431
841,2018-11-07,0.944
842,2018-11-08,0.9497
843,2018-11-09,0.9343
844,2018-11-12,0.9557
845,2018-11-13,0.9701
846,2018-11-14,0.9707
847,2018-11-15,0.9819
848,2018-11-16,0.9802
849,2018-11-19,0.9743
850,2018-11-20,0.9554
851,2018-11-21,0.9862
852,2018-11-22,0.9892
853,2018-11-23,0.965
854,2018-11-26,0.9558
855,2018-11-27,0.9601
856,2018-11-28,0.9677
857,2018-11-29,0.9506
858,2018-11-30,0.96
859,2018-12-03,0.9885
860,2018-12-04,0.9971
861,2018-12-05,1.0075
862,2018-12-06,0.9775
863,2018-12-07,0.9557
864,2018-12-10,0.9413
865,2018-12-11,0.9394
866,2018-12-12,0.9234
867,2018-12-13,0.9288
868,2018-12-14,0.8891
869,2018-12-17,0.8475
870,2018-12-18,0.8409
871,2018-12-19,0.818
872,2018-12-20,0.8166
873,2018-12-21,0.8108
874,2018-12-24,0.822
875,2018-12-25,0.8269
876,2018-12-26,0.8261
877,2018-12-27,0.8136
878,2018-12-28,0.8176
879,2018-12-31,0.8174
880,2019-01-02,0.7899
881,2019-01-03,0.7792
882,2019-01-04,0.7986
883,2019-01-07,0.8031
884,2019-01-08,0.8034
885,2019-01-09,0.8063
886,2019-01-10,0.7979
887,2019-01-11,0.7972
888,2019-01-14,0.7785
889,2019-01-15,0.7936
890,2019-01-16,0.8049
891,2019-01-17,0.7994
892,2019-01-18,0.8118
893,2019-01-21,0.8159
894,2019-01-22,0.8042
895,2019-01-23,0.8003
896,2019-01-24,0.7998
897,2019-01-25,0.7999
898,2019-01-28,0.7948
899,2019-01-29,0.7889
900,2019-01-30,0.7758
901,2019-01-31,0.7732
902,2019-02-01,0.802
903,2019-02-11,0.8229
904,2019-02-12,0.8426
905,2019-02-13,0.8555
906,2019-02-14,0.8634
907,2019-02-15,0.8579
908,2019-02-18,0.8912
909,2019-02-19,0.8846
910,2019-02-20,0.8775
911,2019-02-21,0.8704
912,2019-02-22,0.8873
913,2019-02-25,0.9249
914,2019-02-26,0.9443
915,2019-02-27,0.9298
916,2019-02-28,0.9517
917,2019-03-01,0.9551
918,2019-03-04,0.972
919,2019-03-05,0.986
920,2019-03-06,0.992
921,2019-03-07,0.9894
922,2019-03-08,0.9775
923,2019-03-11,1.0181
924,2019-03-12,1.0193
925,2019-03-13,1.0116
926,2019-03-14,0.9958
927,2019-03-15,1.0134
928,2019-03-18,1.0482
929,2019-03-19,1.0415
930,2019-03-20,1.0339
931,2019-03-21,1.0347
932,2019-03-22,1.0506
933,2019-03-25,1.0325
934,2019-03-26,1.0167
935,2019-03-27,1.049
936,2019-03-28,1.0455
937,2019-03-29,1.0801
938,2019-04-01,1.0978
939,2019-04-02,1.089
940,2019-04-03,1.0989
941,2019-04-04,1.0992
942,2019-04-08,1.0838
943,2019-04-09,1.0897
944,2019-04-10,1.1039
945,2019-04-11,1.0678
946,2019-04-12,1.0583
947,2019-04-15,1.045
948,2019-04-16,1.0626
949,2019-04-17,1.067
950,2019-04-18,1.0672
951,2019-04-19,1.0689
952,2019-04-22,1.0577
953,2019-04-23,1.0482
954,2019-04-24,1.0609
955,2019-04-25,1.0448
956,2019-04-26,1.0346
957,2019-04-29,1.0343
958,2019-04-30,1.0331
959,2019-05-06,0.9676
960,2019-05-07,0.9838
961,2019-05-08,0.9832
962,2019-05-09,0.9545
963,2019-05-10,0.9902
964,2019-05-13,0.9867
965,2019-05-14,0.9813
966,2019-05-15,1.0037
967,2019-05-16,1.0249
968,2019-05-17,0.9972
969,2019-05-20,0.9791
970,2019-05-21,1.0034
971,2019-05-22,1.0
972,2019-05-23,0.9773
973,2019-05-24,0.9778
974,2019-05-27,0.9935
975,2019-05-28,0.9974
976,2019-05-29,0.993
977,2019-05-30,0.9843
978,2019-05-31,0.9906
979,2019-06-03,0.9892
980,2019-06-04,0.971
981,2019-06-05,0.9462
982,2019-06-06,0.929
983,2019-06-10,0.9381
984,2019-06-11,0.9695
985,2019-06-12,0.9683
986,2019-06-13,0.9713
987,2019-06-14,0.9775
988,2019-06-17,0.9794
989,2019-06-18,0.988
990,2019-06-19,0.9999
991,2019-06-20,1.0131
992,2019-06-21,1.0198
993,2019-06-24,1.0219
994,2019-06-25,1.0158
995,2019-06-26,1.0331
996,2019-06-27,1.0406
997,2019-06-28,1.0408
998,2019-06-30,1.0406
999,2019-07-01,1.0792
1000,2019-07-02,1.0902
1001,2019-07-03,1.079
1002,2019-07-04,1.065
1003,2019-07-05,1.0822
1004,2019-07-08,1.0499
1005,2019-07-09,1.0507
1006,2019-07-10,1.0481
1007,2019-07-11,1.048
1008,2019-07-12,1.0584
1009,2019-07-15,1.0597
1010,2019-07-16,1.0544
1011,2019-07-17,1.0549
1012,2019-07-18,1.0422
1013,2019-07-19,1.0477
1014,2019-07-22,1.0483
1015,2019-07-23,1.0541
1016,2019-07-24,1.0657
1017,2019-07-25,1.0697
1018,2019-07-26,1.0763
1019,2019-07-29,1.0721
1020,2019-07-30,1.0809
1021,2019-07-31,1.0748
1022,2019-08-01,1.0684
1023,2019-08-02,1.0659
1024,2019-08-05,1.0443
1025,2019-08-06,1.0336
1026,2019-08-07,1.0455
1027,2019-08-08,1.0741
1028,2019-08-09,1.0759
1029,2019-08-12,1.1039
1030,2019-08-13,1.1009
1031,2019-08-14,1.1184
1032,2019-08-15,1.1228
1033,2019-08-16,1.1435
1034,2019-08-19,1.1675
1035,2019-08-20,1.1562
1036,2019-08-21,1.1496
1037,2019-08-22,1.1552
1038,2019-08-23,1.1807
1039,2019-08-26,1.1761
1040,2019-08-27,1.1907
1041,2019-08-28,1.1778
1042,2019-08-29,1.1717
1043,2019-08-30,1.1708
1044,2019-09-02,1.1936
1045,2019-09-03,1.1822
1046,2019-09-04,1.1818
1047,2019-09-05,1.1826
1048,2019-09-06,1.2025
1049,2019-09-09,1.2175
1050,2019-09-10,1.2237
1051,2019-09-11,1.2016
1052,2019-09-12,1.2041
1053,2019-09-16,1.2046
1054,2019-09-17,1.1916
1055,2019-09-18,1.2046
1056,2019-09-19,1.2088
1057,2019-09-20,1.2136
1058,2019-09-23,1.1949
1059,2019-09-24,1.2142
1060,2019-09-25,1.2059
1061,2019-09-26,1.1918
1062,2019-09-27,1.1981
1063,2019-09-30,1.1957
1064,2019-10-08,1.1954
1065,2019-10-09,1.1911
1066,2019-10-10,1.2409
1067,2019-10-11,1.2516
1068,2019-10-14,1.256
1069,2019-10-15,1.2464
1070,2019-10-16,1.2587
1071,2019-10-17,1.2607
1072,2019-10-18,1.2659
1073,2019-10-21,1.244
1074,2019-10-22,1.2612
1075,2019-10-23,1.2388
1076,2019-10-24,1.23
1077,2019-10-25,1.2407
1078,2019-10-28,1.2508
1079,2019-10-29,1.2489
1080,2019-10-30,1.2489
1081,2019-10-31,1.2682
1082,2019-11-01,1.277
1083,2019-11-04,1.2981
1084,2019-11-05,1.3001
1085,2019-11-06,1.3025
1086,2019-11-07,1.3076
1087,2019-11-08,1.3064
1088,2019-11-11,1.2789
1089,2019-11-12,1.281
1090,2019-11-13,1.2955
1091,2019-11-14,1.305
1092,2019-11-15,1.2957
1093,2019-11-18,1.3009
1094,2019-11-19,1.326
1095,2019-11-20,1.3257
1096,2019-11-21,1.3133
1097,2019-11-22,1.2616
1098,2019-11-25,1.2415
1099,2019-11-26,1.2517
1100,2019-11-27,1.2394
1101,2019-11-28,1.2414
1102,2019-11-29,1.2176
1103,2019-12-02,1.2071
1104,2019-12-03,1.2108
1105,2019-12-04,1.2207
1106,2019-12-05,1.2422
1107,2019-12-06,1.2442
1108,2019-12-09,1.2206
1109,2019-12-10,1.2357
1110,2019-12-11,1.2406
1111,2019-12-12,1.2411
1112,2019-12-13,1.2643
1113,2019-12-16,1.2508
1114,2019-12-17,1.2552
1115,2019-12-18,1.2356
1116,2019-12-19,1.2398
1117,2019-12-20,1.2284
1118,2019-12-23,1.2197
1119,2019-12-24,1.2245
1120,2019-12-25,1.2286
1121,2019-12-26,1.2446
1122,2019-12-27,1.2306
1123,2019-12-30,1.2301
1124,2019-12-31,1.2556
1125,2020-01-02,1.2536
1126,2020-01-03,1.2523
1127,2020-01-06,1.244
1128,2020-01-07,1.2669
1129,2020-01-08,1.2536
1130,2020-01-09,1.285
1131,2020-01-10,1.2912
1132,2020-01-13,1.3021
1133,2020-01-14,1.2905
1134,2020-01-15,1.3047
1135,2020-01-16,1.3039
1136,2020-01-17,1.318
1137,2020-01-20,1.36
1138,2020-01-21,1.3862
1139,2020-01-22,1.3703
1140,2020-01-23,1.358
1141,2020-02-03,1.3217
1142,2020-02-04,1.3653
1143,2020-02-05,1.4078
1144,2020-02-06,1.4593
1145,2020-02-07,1.4215
1146,2020-02-10,1.4269
1147,2020-02-11,1.4177
1148,2020-02-12,1.433
1149,2020-02-13,1.422
1150,2020-02-14,1.452
1151,2020-02-17,1.4709
1152,2020-02-18,1.4589
1153,2020-02-19,1.426
1154,2020-02-20,1.4415
1155,2020-02-21,1.4513
1156,2020-02-24,1.472
1157,2020-02-25,1.5036
1158,2020-02-26,1.0
1159,2020-02-27,1.0059
1160,2020-02-28,0.9848
1161,2020-03-02,1.0066
1162,2020-03-03,1.0354
1163,2020-03-04,1.0322
1164,2020-03-05,1.0492
1165,2020-03-06,1.0533
1166,2020-03-09,1.0296
1167,2020-03-10,1.0286
1168,2020-03-11,1.0218
1169,2020-03-12,0.9919
1170,2020-03-13,0.9744
1171,2020-03-16,0.9351
1172,2020-03-17,0.9417
1173,2020-03-18,0.941
1174,2020-03-19,0.9259
1175,2020-03-20,0.9498
1176,2020-03-23,0.9334
1177,2020-03-24,0.9517
1178,2020-03-25,0.9911
1179,2020-03-26,1.0142
1180,2020-03-27,1.0069
1181,2020-03-30,0.9837
1182,2020-03-31,1.0072
1183,2020-04-01,0.9975
1184,2020-04-02,1.0074
1185,2020-04-03,1.011
1186,2020-04-07,1.0454
1187,2020-04-08,1.0323
1188,2020-04-09,1.0649
1189,2020-04-10,1.0478
1190,2020-04-13,1.057
1191,2020-04-14,1.0842
1192,2020-04-15,1.0882
1193,2020-04-16,1.1146
1194,2020-04-17,1.1035
1195,2020-04-20,1.1314
1196,2020-04-21,1.1236
1197,2020-04-22,1.1358
1198,2020-04-23,1.1586
1199,2020-04-24,1.1246
1200,2020-04-27,1.1512
1201,2020-04-28,1.1562
1202,2020-04-29,1.1394
1203,2020-04-30,1.1226
1204,2020-05-06,1.1371
1205,2020-05-07,1.1406
1206,2020-05-08,1.1519
1207,2020-05-11,1.147
1208,2020-05-12,1.1714
1209,2020-05-13,1.1838
1210,2020-05-14,1.1756
1211,2020-05-15,1.1772
1212,2020-05-18,1.2001
1213,2020-05-19,1.2184
1214,2020-05-20,1.1968
1215,2020-05-21,1.2075
1216,2020-05-22,1.1784
1217,2020-05-25,1.1953
1218,2020-05-26,1.2289
1219,2020-05-27,1.1993
1220,2020-05-28,1.1819
1221,2020-05-29,1.21
1222,2020-06-01,1.2269
1223,2020-06-02,1.2018
1224,2020-06-03,1.2151
1225,2020-06-04,1.2304
1226,2020-06-05,1.2426
1227,2020-06-08,1.2247
1228,2020-06-09,1.2469
1229,2020-06-10,1.2702
1230,2020-06-11,1.2693
1231,2020-06-12,1.2859
1232,2020-06-15,1.3106
1233,2020-06-16,1.3363
1234,2020-06-17,1.3778
1235,2020-06-18,1.3439
1236,2020-06-19,1.3702
1237,2020-06-22,1.3823
1238,2020-06-23,1.4134
1239,2020-06-24,1.3982
1240,2020-06-29,1.4151
1241,2020-06-30,1.4363
1242,2020-07-01,1.4088
1243,2020-07-02,1.3916
1244,2020-07-03,1.4158
1245,2020-07-06,1.4075
1246,2020-07-07,1.443
1247,2020-07-08,1.4441
1248,2020-07-09,1.5076
1249,2020-07-10,1.0
1250,2020-07-13,1.0436
1251,2020-07-14,1.0476
1252,2020-07-15,1.0459
1253,2020-07-16,0.9919
1254,2020-07-17,1.0075
1255,2020-07-20,0.9998
1256,2020-07-21,1.0448
1257,2020-07-22,1.0637
1258,2020-07-23,1.1088
1259,2020-07-24,1.0404
1260,2020-07-27,1.059
1261,2020-07-28,1.0662
1262,2020-07-29,1.1157
1263,2020-07-30,1.1301
1264,2020-07-31,1.1565
1265,2020-08-03,1.1856
1266,2020-08-04,1.1695
1267,2020-08-05,1.1901
1268,2020-08-06,1.1448
1269,2020-08-07,1.1345
1270,2020-08-10,1.1398
1271,2020-08-11,1.1245
1272,2020-08-12,1.0769
1273,2020-08-13,1.048
1274,2020-08-14,1.0604
1275,2020-08-17,1.0737
1276,2020-08-18,1.084
1277,2020-08-19,1.032
1278,2020-08-20,1.0205
1279,2020-08-21,1.0276
1280,2020-08-24,1.0193
1281,2020-08-25,1.0231
1282,2020-08-26,1.0106
1283,2020-08-27,1.0268
1284,2020-08-28,1.0598
1285,2020-08-31,1.0441
1286,2020-09-01,1.0371
1287,2020-09-02,1.033
1288,2020-09-03,1.0297
1289,2020-09-04,1.0246
1290,2020-09-07,0.983
1291,2020-09-08,0.986
1292,2020-09-09,0.9239
1293,2020-09-10,0.9229
1294,2020-09-11,0.9341
1295,2020-09-14,0.9233
1296,2020-09-15,0.9417
1297,2020-09-16,0.9216
1298,2020-09-17,0.9122
1299,2020-09-18,0.9231
1300,2020-09-21,0.9184
1301,2020-09-22,0.9246
1302,2020-09-23,0.9669
1303,2020-09-24,0.96
1304,2020-09-25,0.9599
1305,2020-09-28,0.938
1306,2020-09-29,0.9452
1307,2020-09-30,0.958
1308,2020-10-09,0.9878
1309,2020-10-12,1.0196
1310,2020-10-13,1.0286
1311,2020-10-14,1.0246
1312,2020-10-15,1.016
1313,2020-10-16,1.0202
1314,2020-10-19,0.9966
1315,2020-10-20,1.0034
1316,2020-10-21,1.0039
1317,2020-10-22,0.9747
1318,2020-10-23,0.9277
1319,2020-10-26,0.9412
1320,2020-10-27,0.9635
1321,2020-10-28,0.9602
1322,2020-10-29,0.996
1323,2020-10-30,0.9806
1324,2020-11-02,0.9643
1325,2020-11-03,0.975
1326,2020-11-04,0.9767
1327,2020-11-05,0.9756
1328,2020-11-06,0.9401
1329,2020-11-09,0.9574
1330,2020-11-10,0.9376
1331,2020-11-11,0.9032
1332,2020-11-12,0.9113
1333,2020-11-13,0.9094
1334,2020-11-16,0.9186
1335,2020-11-17,0.8884
1336,2020-11-18,0.8731
1337,2020-11-19,0.88
1338,2020-11-20,0.882
1339,2020-11-23,0.884
1340,2020-11-24,0.8739
1341,2020-11-25,0.8531
1342,2020-11-26,0.8463
1343,2020-11-27,0.8527
1344,2020-11-30,0.8625
1345,2020-12-01,0.8841
1346,2020-12-02,0.8804
1347,2020-12-03,0.9067
1348,2020-12-04,0.9166
1349,2020-12-07,0.9019
1350,2020-12-08,0.9
1351,2020-12-09,0.8841
1352,2020-12-10,0.885
1353,2020-12-11,0.8784
1354,2020-12-14,0.8876
1355,2020-12-15,0.8908
1356,2020-12-16,0.9001
1357,2020-12-17,0.9183
1358,2020-12-18,0.9212
1359,2020-12-21,0.936
1360,2020-12-22,0.9355
1361,2020-12-23,0.9341
1362,2020-12-24,0.9308
1363,2020-12-25,0.9425
1364,2020-12-28,0.9348
1365,2020-12-29,0.9257
1366,2020-12-30,0.9312
1367,2020-12-31,0.9406
1368,2021-01-04,0.9435
1369,2021-01-05,0.955
1370,2021-01-06,0.9762
1371,2021-01-07,0.9778
1372,2021-01-08,0.9836
1373,2021-01-11,0.9691
1374,2021-01-12,0.9826
1375,2021-01-13,0.9665
1376,2021-01-14,0.9486
1377,2021-01-15,0.9479
1378,2021-01-18,0.9538
1379,2021-01-19,0.9363
1380,2021-01-20,0.9778
1381,2021-01-21,1.003
1382,2021-01-22,1.0536
1383,2021-01-25,1.0616
1384,2021-01-26,1.0363
1385,2021-01-27,1.026
1386,2021-01-28,0.9943
1387,2021-01-29,0.9834
1388,2021-02-01,1.011
1389,2021-02-02,1.0258
1390,2021-02-03,1.0445
1391,2021-02-04,1.0312
1392,2021-02-05,1.0555
1393,2021-02-08,1.073
1394,2021-02-09,1.086
1395,2021-02-10,1.1239
1396,2021-02-18,1.0636
1397,2021-02-19,1.0529
1398,2021-02-22,1.0023
1399,2021-02-23,0.9977
1400,2021-02-24,0.957
1401,2021-02-25,0.9559
1402,2021-02-26,0.9388
1403,2021-03-01,0.9593
1404,2021-03-02,0.9373
1405,2021-03-03,0.9569
1406,2021-03-04,0.9133
1407,2021-03-05,0.9167
1408,2021-03-08,0.869
1409,2021-03-09,0.8378
1410,2021-03-10,0.8574
1411,2021-03-11,0.8829
1412,2021-03-12,0.8864
1413,2021-03-15,0.8481
1414,2021-03-16,0.8603
1415,2021-03-17,0.8645
1416,2021-03-18,0.8866
1417,2021-03-19,0.8669
1418,2021-03-22,0.8754
1419,2021-03-23,0.8783
1420,2021-03-24,0.8788
1421,2021-03-25,0.8905
1422,2021-03-26,0.9186
1423,2021-03-29,0.9208
1424,2021-03-30,0.9365
1425,2021-03-31,0.9293
1426,2021-04-01,0.9446
1427,2021-04-02,0.953
1428,2021-04-06,0.9422
1429,2021-04-07,0.9433
1430,2021-04-08,0.9627
1431,2021-04-09,0.9448
1432,2021-04-12,0.9226
1433,2021-04-13,0.9399
1434,2021-04-14,0.9438
1435,2021-04-15,0.9468
1436,2021-04-16,0.94
1437,2021-04-19,0.9716
1438,2021-04-20,0.981
1439,2021-04-21,1.0012
1440,2021-04-22,1.003
1441,2021-04-23,1.0224
1442,2021-04-26,1.0265
1443,2021-04-27,1.0532
1444,2021-04-28,1.0807
1445,2021-04-29,1.0759
1446,2021-04-30,1.094
1447,2021-05-06,1.044
1448,2021-05-07,1.0136
1449,2021-05-10,1.04
1450,2021-05-11,1.0532
1451,2021-05-12,1.0814
1452,2021-05-13,1.0907
1453,2021-05-14,1.1154
1454,2021-05-17,1.1362
1455,2021-05-18,1.113
1456,2021-05-19,1.1115
1457,2021-05-20,1.1147
1458,2021-05-21,1.0909
1459,2021-05-24,1.0813
1460,2021-05-25,1.1103
1461,2021-05-26,1.1054
1462,2021-05-27,1.1034
1463,2021-05-28,1.0785
1464,2021-05-31,1.1011
1465,2021-06-01,1.1173
1466,2021-06-02,1.1022
1467,2021-06-03,1.0818
1468,2021-06-04,1.0907
1469,2021-06-07,1.1014
1470,2021-06-08,1.0898
1471,2021-06-09,1.0824
1472,2021-06-10,1.0946
1473,2021-06-11,1.0955
1474,2021-06-15,1.0728
1475,2021-06-16,1.0381
1476,2021-06-17,1.0391
1477,2021-06-18,1.0496
1478,2021-06-21,1.0636
1479,2021-06-22,1.0782
1480,2021-06-23,1.0812
1481,2021-06-24,1.0653
1482,2021-06-25,1.0872
1483,2021-06-28,1.11
1484,2021-06-29,1.0932
1485,2021-06-30,1.0928
1486,2021-07-01,1.1105
1487,2021-07-02,1.0637
1488,2021-07-05,1.0553
1489,2021-07-06,1.0218
1490,2021-07-07,1.0512
1491,2021-07-08,1.0364
1492,2021-07-09,1.0385
1493,2021-07-12,1.0761
1494,2021-07-13,1.0839
1495,2021-07-14,1.0969
1496,2021-07-15,1.1025
1497,2021-07-16,1.0911
1498,2021-07-19,1.1109
1499,2021-07-20,1.1135
1500,2021-07-21,1.1323
1501,2021-07-22,1.0926
1502,2021-07-23,1.0586
1503,2021-07-26,1.0058
1504,2021-07-27,0.9866
1505,2021-07-28,1.0137
1506,2021-07-29,1.043
1507,2021-07-30,1.0441
1508,2021-08-02,1.0557
1509,2021-08-03,1.1044
1510,2021-08-04,1.1062
1511,2021-08-05,1.1051
1512,2021-08-06,1.0564
1513,2021-08-09,1.0523
1514,2021-08-10,1.0568
1515,2021-08-11,1.0335
1516,2021-08-12,1.0198
1517,2021-08-13,1.0122
1518,2021-08-16,1.0048
1519,2021-08-17,0.9608
1520,2021-08-18,0.9629
1521,2021-08-19,0.9725
1522,2021-08-20,0.928
1523,2021-08-23,0.9557
1524,2021-08-24,0.9734
1525,2021-08-25,0.9805
1526,2021-08-26,0.9454
1527,2021-08-27,0.9444
1528,2021-08-30,0.9449
1529,2021-08-31,0.9292
1530,2021-09-01,0.9346
1531,2021-09-02,0.8946
1532,2021-09-03,0.8923
1533,2021-09-06,0.939
1534,2021-09-07,0.9369
1535,2021-09-08,0.9304
1536,2021-09-09,0.9287
1537,2021-09-10,0.9248
1538,2021-09-13,0.917
1539,2021-09-14,0.9271
1540,2021-09-15,0.9132
1541,2021-09-16,0.91
1542,2021-09-17,0.955
1543,2021-09-22,0.9476
1544,2021-09-23,0.9445
1545,2021-09-24,0.9481
1546,2021-09-27,0.9591
1547,2021-09-28,0.9537
1548,2021-09-29,0.936
1549,2021-09-30,0.9493
1550,2021-10-08,0.9341
1551,2021-10-11,0.9177
1552,2021-10-12,0.9137
1553,2021-10-13,0.932
1554,2021-10-14,0.9256
1555,2021-10-15,0.9206
1556,2021-10-18,0.903
1557,2021-10-19,0.922
1558,2021-10-20,0.9107
1559,2021-10-21,0.9104
1560,2021-10-22,0.9117
1561,2021-10-25,0.9141
1562,2021-10-26,0.9033
1563,2021-10-27,0.8852
1564,2021-10-28,0.8872
1565,2021-10-29,0.9008
1566,2021-11-01,0.8715
1567,2021-11-02,0.8601
1568,2021-11-03,0.8676
1569,2021-11-04,0.8613
1570,2021-11-05,0.8581
1571,2021-11-08,0.8335
1572,2021-11-09,0.8434
1573,2021-11-10,0.8664
1574,2021-11-11,0.8598
1575,2021-11-12,0.8574
1576,2021-11-15,0.8767
1577,2021-11-16,0.9071
1578,2021-11-17,0.9092
1579,2021-11-18,0.8951
1580,2021-11-19,0.8922
1581,2021-11-22,0.8827
1582,2021-11-23,0.8883
1583,2021-11-24,0.8999
1584,2021-11-25,0.9102
1585,2021-11-26,0.9114
1586,2021-11-29,0.9221
1587,2021-11-30,0.9186
1588,2021-12-01,0.9007
1589,2021-12-02,0.8895
1590,2021-12-03,0.893
1591,2021-12-06,0.8705
1592,2021-12-07,0.8732
1593,2021-12-08,0.8863
1594,2021-12-09,0.9058
1595,2021-12-10,0.8979
1596,2021-12-13,0.8916
1597,2021-12-14,0.8978
1598,2021-12-15,0.871
1599,2021-12-16,0.8789
1600,2021-12-17,0.8666
1601,2021-12-20,0.8468
1602,2021-12-21,0.8504
1603,2021-12-22,0.8456
1604,2021-12-23,0.8362
1605,2021-12-24,0.8375
1606,2021-12-27,0.8396
1607,2021-12-28,0.847
1608,2021-12-29,0.8378
1609,2021-12-30,0.8402
1610,2021-12-31,0.836
1611,2022-01-04,0.8146
1612,2022-01-05,0.8015
1613,2022-01-06,0.7963
1614,2022-01-07,0.7947
1615,2022-01-10,0.8095
1616,2022-01-11,0.8103
1617,2022-01-12,0.8242
1618,2022-01-13,0.8112
1619,2022-01-14,0.8175
1620,2022-01-17,0.8156
1621,2022-01-18,0.8087
1622,2022-01-19,0.7819
1623,2022-01-20,0.7681
1624,2022-01-21,0.7528
1625,2022-01-24,0.7499
1626,2022-01-25,0.7322
1627,2022-01-26,0.7207
1628,2022-01-27,0.7125
1629,2022-01-28,0.7074
1630,2022-02-07,0.718
1631,2022-02-08,0.7079
1632,2022-02-09,0.7136
1633,2022-02-10,0.7032
1634,2022-02-11,0.6808
1635,2022-02-14,0.6859
1636,2022-02-15,0.711
1637,2022-02-16,0.7161
1638,2022-02-17,0.7166
1639,2022-02-18,0.7211
1640,2022-02-21,0.7229
1641,2022-02-22,0.713
1642,2022-02-23,0.7239
1643,2022-02-24,0.7076
1644,2022-02-25,0.7353
1645,2022-02-28,0.7359
1646,2022-03-01,0.7383
1647,2022-03-02,0.7309
1648,2022-03-03,0.7246
1649,2022-03-04,0.728
1650,2022-03-07,0.7022
1651,2022-03-08,0.6801
1652,2022-03-09,0.6649
1653,2022-03-10,0.6893
1654,2022-03-11,0.7099
1655,2022-03-14,0.7048
1656,2022-03-15,0.6856
1657,2022-03-16,0.7083
1658,2022-03-17,0.7296
1659,2022-03-18,0.7421
1660,2022-03-21,0.7539
1661,2022-03-22,0.7315
1662,2022-03-23,0.7472
1663,2022-03-24,0.7676
1664,2022-03-25,0.743
1665,2022-03-28,0.7367
1666,2022-03-29,0.7484
1667,2022-03-30,0.7558
1668,2022-03-31,0.7532
1669,2022-04-01,0.7452
1670,2022-04-06,0.7495
1671,2022-04-07,0.7345
1672,2022-04-08,0.7262
1673,2022-04-11,0.7139
1674,2022-04-12,0.7306
1675,2022-04-13,0.7025
1676,2022-04-14,0.6965
1677,2022-04-15,0.7081
1678,2022-04-18,0.7103
1679,2022-04-19,0.6905
1680,2022-04-20,0.681
1681,2022-04-21,0.6661
1682,2022-04-22,0.6573
1683,2022-04-25,0.6228
1684,2022-04-26,0.6332
1685,2022-04-27,0.6442
1686,2022-04-28,0.6376
1687,2022-04-29,0.6572
1688,2022-05-05,0.6553
1689,2022-05-06,0.6409
1690,2022-05-09,0.6401
1691,2022-05-10,0.6437
1692,2022-05-11,0.6618
1693,2022-05-12,0.6678
1694,2022-05-13,0.6632
1695,2022-05-16,0.6517
1696,2022-05-17,0.6435
1697,2022-05-18,0.6384
1698,2022-05-19,0.6339
1699,2022-05-20,0.652
1700,2022-05-23,0.6554
1701,2022-05-24,0.6329
1702,2022-05-25,0.633
1703,2022-05-26,0.6232
1704,2022-05-27,0.626
1705,2022-05-30,0.6333
1706,2022-05-31,0.6449
1707,2022-06-01,0.643
1708,2022-06-02,0.6356
1709,2022-06-06,0.6527
1710,2022-06-07,0.6612
1711,2022-06-08,0.6723
1712,2022-06-09,0.658
1713,2022-06-10,0.6638
1714,2022-06-13,0.6501
1715,2022-06-14,0.6526
1716,2022-06-15,0.6593
1717,2022-06-16,0.6686
1718,2022-06-17,0.6896
1719,2022-06-20,0.6999
1720,2022-06-21,0.6951
1721,2022-06-22,0.6826
1722,2022-06-23,0.6826
1723,2022-06-24,0.7016
1724,2022-06-27,0.7165
1725,2022-06-28,0.7125
1726,2022-06-29,0.7136
1727,2022-06-30,0.7271
1728,2022-07-01,0.7265
1729,2022-07-04,0.757
1730,2022-07-05,0.7613
1731,2022-07-06,0.7513
1732,2022-07-07,0.7377
1733,2022-07-08,0.7427
1734,2022-07-11,0.7351
1735,2022-07-12,0.708
1736,2022-07-13,0.7081
1737,2022-07-14,0.7213
1738,2022-07-15,0.7043
1739,2022-07-18,0.7003
1740,2022-07-19,0.6928
1741,2022-07-20,0.7021
1742,2022-07-21,0.6997
1743,2022-07-22,0.6903
1744,2022-07-25,0.6918
1745,2022-07-26,0.6883
1746,2022-07-27,0.6792
1747,2022-07-28,0.6737
1748,2022-07-29,0.6567
1749,2022-08-01,0.6556
1750,2022-08-02,0.6421
1751,2022-08-03,0.6417
1752,2022-08-04,0.6559
1753,2022-08-05,0.6728
1754,2022-08-08,0.6653
1755,2022-08-09,0.6625
1756,2022-08-10,0.6504
1757,2022-08-11,0.6718
1758,2022-08-12,0.6742
1759,2022-08-15,0.6633
1760,2022-08-16,0.6551
1761,2022-08-17,0.6623
1762,2022-08-18,0.6466
1763,2022-08-19,0.6449
1764,2022-08-22,0.6433
1765,2022-08-23,0.6319
1766,2022-08-24,0.6236
1767,2022-08-25,0.6321
1768,2022-08-26,0.6323
1769,2022-08-29,0.626
1770,2022-08-30,0.6254
1771,2022-08-31,0.6335
1772,2022-09-01,0.6325
1773,2022-09-02,0.6275
1774,2022-09-05,0.6141
1775,2022-09-06,0.6091
1776,2022-09-07,0.6079
1777,2022-09-08,0.6002
1778,2022-09-09,0.6115
1779,2022-09-13,0.5967
1780,2022-09-14,0.5914
1781,2022-09-15,0.5889
1782,2022-09-16,0.5698
1783,2022-09-19,0.5637
1784,2022-09-20,0.565
1785,2022-09-21,0.5528
1786,2022-09-22,0.5473
1787,2022-09-23,0.5444
1788,2022-09-26,0.5395
1789,2022-09-27,0.5634
1790,2022-09-28,0.5546
1791,2022-09-29,0.5617
1792,2022-09-30,0.5598
1793,2022-10-10,0.541
1794,2022-10-11,0.5327
1795,2022-10-12,0.5395
1796,2022-10-13,0.5555
1797,2022-10-14,0.597
1798,2022-10-17,0.6019
1799,2022-10-18,0.609
1800,2022-10-19,0.5976
1801,2022-10-20,0.5972
1802,2022-10-21,0.5944
1803,2022-10-24,0.5747
1804,2022-10-25,0.5665
1805,2022-10-26,0.6009
1806,2022-10-27,0.5936
1807,2022-10-28,0.5839
1808,2022-10-31,0.5711
1809,2022-11-01,0.5972
1810,2022-11-02,0.61
1811,2022-11-03,0.6046
1812,2022-11-04,0.6251
1813,2022-11-07,0.6269
1814,2022-11-08,0.6165
1815,2022-11-09,0.6152
1816,2022-11-10,0.6108
1817,2022-11-11,0.6124
1818,2022-11-14,0.6257
1819,2022-11-15,0.6298
1820,2022-11-16,0.6313
1821,2022-11-17,0.6297
1822,2022-11-18,0.6444
1823,2022-11-21,0.6398
1824,2022-11-22,0.6195
1825,2022-11-23,0.6037
1826,2022-11-24,0.609
1827,2022-11-25,0.6024
1828,2022-11-28,0.5951
1829,2022-11-29,0.615
1830,2022-11-30,0.6077
1831,2022-12-01,0.6081
1832,2022-12-02,0.6047
1833,2022-12-05,0.6011
1834,2022-12-06,0.5983
1835,2022-12-07,0.5995
1836,2022-12-08,0.6036
1837,2022-12-09,0.6072
1838,2022-12-12,0.6051
1839,2022-12-13,0.6095
1840,2022-12-14,0.6088
1841,2022-12-15,0.6004
1842,2022-12-16,0.6064
1843,2022-12-19,0.5836
1844,2022-12-20,0.5777
1845,2022-12-21,0.577
1846,2022-12-22,0.5834
1847,2022-12-23,0.5878
1848,2022-12-26,0.5855
1849,2022-12-27,0.5953
1850,2022-12-28,0.5957
1851,2022-12-29,0.609
1852,2022-12-30,0.6093
1853,2022-12-31,0.6093
1854,2023-01-03,0.6128
1855,2023-01-04,0.617
1856,2023-01-05,0.6411
1857,2023-01-06,0.6359
1858,2023-01-09,0.6401
1859,2023-01-10,0.6486
1860,2023-01-11,0.6464
1861,2023-01-12,0.6439
1862,2023-01-13,0.6573
1863,2023-01-16,0.681
1864,2023-01-17,0.6743
1865,2023-01-18,0.6681
1866,2023-01-19,0.6824
1867,2023-01-20,0.6764
1868,2023-01-30,0.665
1869,2023-01-31,0.6476
1870,2023-02-01,0.6524
1871,2023-02-02,0.6574
1872,2023-02-03,0.6528
1873,2023-02-06,0.6404
1874,2023-02-07,0.6381
1875,2023-02-08,0.6378
1876,2023-02-09,0.6444
1877,2023-02-10,0.6439
1878,2023-02-13,0.646
1879,2023-02-14,0.6446
1880,2023-02-15,0.632
1881,2023-02-16,0.6242
1882,2023-02-17,0.6239
1883,2023-02-20,0.6323
1884,2023-02-21,0.6282
1885,2023-02-22,0.6255
1886,2023-02-23,0.6228
1887,2023-02-24,0.6164
1888,2023-02-27,0.6095
1889,2023-02-28,0.6171
1890,2023-03-01,0.6173
1891,2023-03-02,0.611
1892,2023-03-03,0.6122
1893,2023-03-06,0.6095
1894,2023-03-07,0.5988
1895,2023-03-08,0.598
1896,2023-03-09,0.6009
1897,2023-03-10,0.6009
1898,2023-03-13,0.5941
1899,2023-03-14,0.5956
1900,2023-03-15,0.5933
1901,2023-03-16,0.5848
1902,2023-03-17,0.5749
1903,2023-03-20,0.5688
1904,2023-03-21,0.5879
1905,2023-03-22,0.5895
1906,2023-03-23,0.5846
1907,2023-03-24,0.5824
1908,2023-03-27,0.5874
1909,2023-03-28,0.5822
1910,2023-03-29,0.5745
1911,2023-03-30,0.5761
1912,2023-03-31,0.5681
1913,2023-04-03,0.5649
1914,2023-04-04,0.567
1915,2023-04-06,0.5738
1916,2023-04-07,0.5919
1917,2023-04-10,0.5939
1918,2023-04-11,0.5907
1919,2023-04-12,0.5861
1920,2023-04-13,0.5992
1921,2023-04-14,0.5991
1922,2023-04-17,0.6005
1923,2023-04-18,0.59
1924,2023-04-19,0.5811
1925,2023-04-20,0.5711
1926,2023-04-21,0.5661
1927,2023-04-24,0.5609
1928,2023-04-25,0.5411
1929,2023-04-26,0.545
1930,2023-04-27,0.5469
1931,2023-04-28,0.5494
1932,2023-05-04,0.5467
1933,2023-05-05,0.5378
1934,2023-05-08,0.5384
1935,2023-05-09,0.5276
1936,2023-05-10,0.5306
1937,2023-05-11,0.532
1938,2023-05-12,0.528
1939,2023-05-15,0.539
1940,2023-05-16,0.542
1941,2023-05-17,0.536
1942,2023-05-18,0.5302
1943,2023-05-19,0.5328
1944,2023-05-22,0.5367
1945,2023-05-23,0.5376
1946,2023-05-24,0.53
1947,2023-05-25,0.5259
1948,2023-05-26,0.5233
1949,2023-05-29,0.5216
1950,2023-05-30,0.5177
1951,2023-05-31,0.5131
1952,2023-06-01,0.5159
1953,2023-06-02,0.5181
1954,2023-06-05,0.5117
1955,2023-06-06,0.5
1956,2023-06-07,0.49
1957,2023-06-08,0.4866
1958,2023-06-09,0.4935
1959,2023-06-12,0.4943
1960,2023-06-13,0.4926
1961,2023-06-14,0.4921
1962,2023-06-15,0.5065
1963,2023-06-16,0.5085
1964,2023-06-19,0.5033
1965,2023-06-20,0.4985
1966,2023-06-21,0.4823
1967,2023-06-26,0.4809
1968,2023-06-27,0.4822
1969,2023-06-28,0.4785
1970,2023-06-29,0.4761
1971,2023-06-30,0.4815
1972,2023-07-03,0.4864
1973,2023-07-04,0.4914
1974,2023-07-05,0.4866
1975,2023-07-06,0.4797
1976,2023-07-07,0.4776
1977,2023-07-10,0.4832
1978,2023-07-11,0.4859
1979,2023-07-12,0.4825
1980,2023-07-13,0.4937
1981,2023-07-14,0.491
1982,2023-07-17,0.483
1983,2023-07-18,0.4861
1984,2023-07-19,0.4837
1985,2023-07-20,0.4803
1986,2023-07-21,0.4893
1987,2023-07-24,0.4911
1988,2023-07-25,0.4964
1989,2023-07-26,0.5065
1990,2023-07-27,0.508
1991,2023-07-28,0.5127
1992,2023-07-31,0.5078
1993,2023-08-01,0.5078
1994,2023-08-02,0.5
1995,2023-08-03,0.5104
1996,2023-08-04,0.5076
1997,2023-08-07,0.4919
1998,2023-08-08,0.4916
1999,2023-08-09,0.5041
2000,2023-08-10,0.5059
2001,2023-08-11,0.4992
2002,2023-08-14,0.4969
2003,2023-08-15,0.4934
2004,2023-08-16,0.4921
2005,2023-08-17,0.4955
2006,2023-08-18,0.4851
2007,2023-08-21,0.4823
2008,2023-08-22,0.4748
2009,2023-08-23,0.4652
2010,2023-08-24,0.4762
2011,2023-08-25,0.4716
2012,2023-08-28,0.474
2013,2023-08-29,0.4879
2014,2023-08-30,0.4883
2015,2023-08-31,0.4845
2016,2023-09-01,0.4809
2017,2023-09-04,0.4852
2018,2023-09-05,0.4839
2019,2023-09-06,0.4752
2020,2023-09-07,0.4684
2021,2023-09-08,0.4682
2022,2023-09-11,0.4775
2023,2023-09-12,0.4774
2024,2023-09-13,0.4743
2025,2023-09-14,0.4729
2026,2023-09-15,0.4818
2027,2023-09-18,0.4883
2028,2023-09-19,0.4852
2029,2023-09-20,0.4838
2030,2023-09-21,0.4773
2031,2023-09-22,0.4847
2032,2023-09-25,0.4905
2033,2023-09-26,0.4871
2034,2023-09-27,0.5011
2035,2023-09-28,0.4965
2036,2023-10-09,0.5061
2037,2023-10-10,0.4964
2038,2023-10-11,0.5104
2039,2023-10-12,0.5135
2040,2023-10-13,0.5164
2041,2023-10-16,0.5087
2042,2023-10-17,0.5072
2043,2023-10-18,0.4995
2044,2023-10-19,0.4926
2045,2023-10-20,0.4837
2046,2023-10-23,0.4825
2047,2023-10-24,0.4879
2048,2023-10-25,0.4793
2049,2023-10-26,0.4804
2050,2023-10-27,0.5021
2051,2023-10-30,0.5176
2052,2023-10-31,0.5138
2053,2023-11-01,0.5109
2054,2023-11-02,0.5088
2055,2023-11-03,0.512
2056,2023-11-06,0.5278
2057,2023-11-07,0.5252
2058,2023-11-08,0.5293
2059,2023-11-09,0.5231
2060,2023-11-10,0.5236
2061,2023-11-13,0.5199
2062,2023-11-14,0.5193
2063,2023-11-15,0.5231
2064,2023-11-16,0.5153
2065,2023-11-17,0.5188
2066,2023-11-20,0.5241
2067,2023-11-21,0.5235
2068,2023-11-22,0.5146
2069,2023-11-23,0.5178
2070,2023-11-24,0.5173
2071,2023-11-27,0.5136
2072,2023-11-28,0.5225
2073,2023-11-29,0.5162
2074,2023-11-30,0.5205
2075,2023-12-01,0.5204
2076,2023-12-04,0.5027
2077,2023-12-05,0.4961
2078,2023-12-06,0.4994
2079,2023-12-07,0.4929
2080,2023-12-08,0.4949
2081,2023-12-11,0.4965
2082,2023-12-12,0.4929
2083,2023-12-13,0.488
2084,2023-12-14,0.4893
2085,2023-12-15,0.4802
2086,2023-12-18,0.4787
2087,2023-12-19,0.476
2088,2023-12-20,0.472
2089,2023-12-21,0.4752
2090,2023-12-22,0.4715
2091,2023-12-25,0.4757
2092,2023-12-26,0.473
2093,2023-12-27,0.4727
2094,2023-12-28,0.4825
2095,2023-12-29,0.4864
2096,2023-12-31,0.4864
2097,2024-01-02,0.4779
2098,2024-01-03,0.4761
2099,2024-01-04,0.4713
2100,2024-01-05,0.4642
2101,2024-01-08,0.4584
2102,2024-01-09,0.4589
2103,2024-01-10,0.4554
2104,2024-01-11,0.4599
2105,2024-01-12,0.4514
2106,2024-01-15,0.4493
2107,2024-01-16,0.4489
2108,2024-01-17,0.4351
2109,2024-01-18,0.4405
2110,2024-01-19,0.4369
2111,2024-01-22,0.4212
2112,2024-01-23,0.4249
2113,2024-01-24,0.4249
2114,2024-01-25,0.4303
2115,2024-01-26,0.4138
2116,2024-01-29,0.4025
2117,2024-01-30,0.393
2118,2024-01-31,0.3793
2119,2024-02-01,0.3836
2120,2024-02-02,0.3683
2121,2024-02-05,0.3661
2122,2024-02-06,0.3972
2123,2024-02-07,0.4128
2124,2024-02-08,0.4131
2125,2024-02-19,0.4108
2126,2024-02-20,0.4135
2127,2024-02-21,0.4167
2128,2024-02-22,0.4193
2129,2024-02-23,0.4204
2130,2024-02-26,0.4212
2131,2024-02-27,0.4274
2132,2024-02-28,0.4195
2133,2024-02-29,0.4291
2134,2024-03-01,0.4294
2135,2024-03-04,0.4396
2136,2024-03-05,0.4321
2137,2024-03-06,0.4297
2138,2024-03-07,0.4123
2139,2024-03-08,0.4131
2140,2024-03-11,0.4259
2141,2024-03-12,0.4368
2142,2024-03-13,0.4341
2143,2024-03-14,0.4334
2144,2024-03-15,0.4309
2145,2024-03-18,0.4368
2146,2024-03-19,0.4306
2147,2024-03-20,0.4277
2148,2024-03-21,0.4223
2149,2024-03-22,0.4125
2150,2024-03-25,0.4086
2151,2024-03-26,0.4067
2152,2024-03-27,0.4003
2153,2024-03-28,0.4025
2154,2024-03-29,0.4027
2155,2024-04-01,0.411
2156,2024-04-02,0.4069
2157,2024-04-03,0.403
2158,2024-04-08,0.3924
2159,2024-04-09,0.402
2160,2024-04-10,0.3945
2161,2024-04-11,0.3911
2162,2024-04-12,0.3895
2163,2024-04-15,0.3904
2164,2024-04-16,0.3835
2165,2024-04-17,0.389
2166,2024-04-18,0.3876
2167,2024-04-19,0.382
2168,2024-04-22,0.3835
2169,2024-04-23,0.3823
2170,2024-04-24,0.3795
2171,2024-04-25,0.3809
2172,2024-04-26,0.391
2173,2024-04-29,0.3986
2174,2024-04-30,0.3965
2175,2024-05-06,0.4092
2176,2024-05-07,0.4091
2177,2024-05-08,0.4066
2178,2024-05-09,0.4112
2179,2024-05-10,0.4058
2180,2024-05-13,0.4024
2181,2024-05-14,0.4065
2182,2024-05-15,0.3991
2183,2024-05-16,0.3979
2184,2024-05-17,0.3982
2185,2024-05-20,0.3999
2186,2024-05-21,0.3944
2187,2024-05-22,0.3948
2188,2024-05-23,0.3869
2189,2024-05-24,0.382
2190,2024-05-27,0.3828
2191,2024-05-28,0.3791
2192,2024-05-29,0.3783
2193,2024-05-30,0.3774
2194,2024-05-31,0.3769
2195,2024-06-03,0.3739
2196,2024-06-04,0.3802
2197,2024-06-05,0.3799
2198,2024-06-06,0.3755
2199,2024-06-07,0.3747
2200,2024-06-11,0.3779
2201,2024-06-12,0.3815
2202,2024-06-13,0.3793
2203,2024-06-14,0.3722
2204,2024-06-17,0.374
2205,2024-06-18,0.3698
2206,2024-06-19,0.3657
2207,2024-06-20,0.3611
2208,2024-06-21,0.3624
2209,2024-06-24,0.3556
2210,2024-06-25,0.3529
2211,2024-06-26,0.3607
2212,2024-06-27,0.3537
2213,2024-06-28,0.3523
2214,2024-06-30,0.3523
2215,2024-07-01,0.3543
2216,2024-07-02,0.351
2217,2024-07-03,0.3477
2218,2024-07-04,0.3405
2219,2024-07-05,0.35
2220,2024-07-08,0.3408
2221,2024-07-09,0.3428
2222,2024-07-10,0.3438
2223,2024-07-11,0.353
2224,2024-07-12,0.3527
2225,2024-07-15,0.3499
2226,2024-07-16,0.3529
2227,2024-07-17,0.3602
2228,2024-07-18,0.3608
2229,2024-07-19,0.3623
2230,2024-07-22,0.3646
2231,2024-07-23,0.3513
2232,2024-07-24,0.3467
2233,2024-07-25,0.3486
2234,2024-07-26,0.3473
2235,2024-07-29,0.3436
2236,2024-07-30,0.3448
2237,2024-07-31,0.3628
2238,2024-08-01,0.3585
2239,2024-08-02,0.3608
2240,2024-08-05,0.3583
2241,2024-08-06,0.3649
2242,2024-08-07,0.3618
2243,2024-08-08,0.3605
2244,2024-08-09,0.3539
2245,2024-08-12,0.357
2246,2024-08-13,0.3553
2247,2024-08-14,0.3482
2248,2024-08-15,0.3504
2249,2024-08-16,0.35
2250,2024-08-19,0.3463
2251,2024-08-20,0.3391
2252,2024-08-21,0.3356
2253,2024-08-22,0.3295
2254,2024-08-23,0.3277
2255,2024-08-26,0.329
2256,2024-08-27,0.328
2257,2024-08-28,0.3276
2258,2024-08-29,0.3337
2259,2024-08-30,0.3354
2260,2024-09-02,0.3263
2261,2024-09-03,0.3289
2262,2024-09-04,0.3293
2263,2024-09-05,0.3318
2264,2024-09-06,0.3252
2265,2024-09-09,0.3252
2266,2024-09-10,0.323
2267,2024-09-11,0.3261
2268,2024-09-12,0.324
2269,2024-09-13,0.3205
2270,2024-09-18,0.3197
2271,2024-09-19,0.3248
2272,2024-09-20,0.3217
2273,2024-09-23,0.3206
2274,2024-09-24,0.3314
2275,2024-09-25,0.3357
2276,2024-09-26,0.3503
2277,2024-09-27,0.3781
2278,2024-09-30,0.4239
2279,2024-10-08,0.4672
2280,2024-10-09,0.43
2281,2024-10-10,0.4232
2282,2024-10-11,0.3981
2283,2024-10-14,0.4
2284,2024-10-15,0.3891
2285,2024-10-16,0.3832
2286,2024-10-17,0.3798
2287,2024-10-18,0.3983
2288,2024-10-21,0.4004
2289,2024-10-22,0.4039
2290,2024-10-23,0.4058
2291,2024-10-24,0.4038
2292,2024-10-25,0.4128
2293,2024-10-28,0.4183
2294,2024-10-29,0.4074
2295,2024-10-30,0.402
2296,2024-10-31,0.3989
2297,2024-11-01,0.396
2298,2024-11-04,0.4019
2299,2024-11-05,0.4132
2300,2024-11-06,0.4127
2301,2024-11-07,0.4253
2302,2024-11-08,0.4205
2303,2024-11-11,0.4279
2304,2024-11-12,0.4316
2305,2024-11-13,0.4264
2306,2024-11-14,0.4129
2307,2024-11-15,0.4032
2308,2024-11-18,0.3973
2309,2024-11-19,0.4032
2310,2024-11-20,0.4096
2311,2024-11-21,0.408
2312,2024-11-22,0.3913
2313,2024-11-25,0.3917
2314,2024-11-26,0.3895
2315,2024-11-27,0.3964
2316,2024-11-28,0.3924
2317,2024-11-29,0.3986
2318,2024-12-02,0.403
2319,2024-12-03,0.4033
2320,2024-12-04,0.3962
2321,2024-12-05,0.3946
2322,2024-12-06,0.4068
2323,2024-12-09,0.4077
2324,2024-12-10,0.4084
2325,2024-12-11,0.4085
2326,2024-12-12,0.4097
2327,2024-12-13,0.3997
2328,2024-12-16,0.395
2329,2024-12-17,0.3924
2330,2024-12-18,0.3932
2331,2024-12-19,0.392
2332,2024-12-20,0.392
2333,2024-12-23,0.3868
2334,2024-12-24,0.3903
2335,2024-12-25,0.387
2336,2024-12-26,0.3854
2337,2024-12-27,0.3842
2338,2024-12-30,0.3836
2339,2024-12-31,0.3751
2340,2025-01-02,0.3656
2341,2025-01-03,0.3614
2342,2025-01-06,0.3637
2343,2025-01-07,0.3608
2344,2025-01-08,0.3581
2345,2025-01-09,0.3571
2346,2025-01-10,0.3517
2347,2025-01-13,0.3534
2348,2025-01-14,0.3629
2349,2025-01-15,0.3588
2350,2025-01-16,0.3581
2351,2025-01-17,0.3595
2352,2025-01-20,0.3637
2353,2025-01-21,0.3632
2354,2025-01-22,0.3604
2355,2025-01-23,0.3601
2356,2025-01-24,0.3615
2357,2025-01-27,0.3602
2358,2025-02-05,0.3635
2359,2025-02-06,0.3686
2360,2025-02-07,0.3721
2361,2025-02-10,0.3779
2362,2025-02-11,0.3721
2363,2025-02-12,0.3724
2364,2025-02-13,0.3701
2365,2025-02-14,0.3791
2366,2025-02-17,0.3834
2367,2025-02-18,0.3763
2368,2025-02-19,0.3784
2369,2025-02-20,0.3863
2370,2025-02-21,0.3918
2371,2025-02-24,0.384
2372,2025-02-25,0.3805
2373,2025-02-26,0.3867
2374,2025-02-27,0.3854
2375,2025-02-28,0.3749
2376,2025-03-03,0.376
2377,2025-03-04,0.3766
2378,2025-03-05,0.3731
2379,2025-03-06,0.3805
2380,2025-03-07,0.3771
2381,2025-03-10,0.3769
2382,2025-03-11,0.38
2383,2025-03-12,0.3777
2384,2025-03-13,0.3762
2385,2025-03-14,0.3856
2386,2025-03-17,0.3869
2387,2025-03-18,0.3937
2388,2025-03-19,0.3915
2389,2025-03-20,0.3881
2390,2025-03-21,0.3814
2391,2025-03-24,0.3802
2392,2025-03-25,0.3805
2393,2025-03-26,0.3781
2394,2025-03-27,0.3846
2395,2025-03-28,0.3824
2396,2025-03-31,0.3767
2397,2025-04-01,0.3883
2398,2025-04-02,0.3836
2399,2025-04-03,0.3818
2400,2025-04-07,0.3519
2401,2025-04-08,0.3551
2402,2025-04-09,0.3555
2403,2025-04-10,0.361
2404,2025-04-11,0.3593
2405,2025-04-14,0.3617
2406,2025-04-15,0.3594
2407,2025-04-16,0.3541
2408,2025-04-17,0.3522
2409,2025-04-18,0.3516
2410,2025-04-21,0.3536
2411,2025-04-22,0.3521
2412,2025-04-23,0.3514
2413,2025-04-24,0.3529
2414,2025-04-25,0.3554
2415,2025-04-28,0.3542
2416,2025-04-29,0.3556
2417,2025-04-30,0.3542
2418,2025-05-06,0.3593
2419,2025-05-07,0.3566
2420,2025-05-08,0.3583
2421,2025-05-09,0.3567
2422,2025-05-12,0.3577
2423,2025-05-13,0.3597
2424,2025-05-14,0.3602
2425,2025-05-15,0.3598
2426,2025-05-16,0.3606
2427,2025-05-19,0.3604
2428,2025-05-20,0.3674
2429,2025-05-21,0.3686
2430,2025-05-22,0.3663
2431,2025-05-23,0.3666
2432,2025-05-26,0.3636
2433,2025-05-27,0.3686
2434,2025-05-28,0.3656
2435,2025-05-29,0.3768
2436,2025-05-30,0.3766
2437,2025-06-03,0.3821
2438,2025-06-04,0.3868
2439,2025-06-05,0.3841
2440,2025-06-06,0.3804
2441,2025-06-09,0.3873
2442,2025-06-10,0.389
2443,2025-06-11,0.3867
2444,2025-06-12,0.3957
2445,2025-06-13,0.387
2446,2025-06-16,0.3846
2447,2025-06-17,0.3799
2448,2025-06-18,0.3755
2449,2025-06-19,0.37
2450,2025-06-20,0.3705
2451,2025-06-23,0.3744
2452,2025-06-24,0.379
2453,2025-06-25,0.3812
2454,2025-06-26,0.375
2455,2025-06-27,0.376
2456,2025-06-30,0.3822
2457,2025-07-01,0.3879
2458,2025-07-02,0.3845
2459,2025-07-03,0.3916
2460,2025-07-04,0.3936
2461,2025-07-07,0.3875
2462,2025-07-08,0.3909
2463,2025-07-09,0.3914
2464,2025-07-10,0.3929
2465,2025-07-11,0.4009
2466,2025-07-14,0.4012
2467,2025-07-15,0.4014
2468,2025-07-16,0.4028
2469,2025-07-17,0.4103
2470,2025-07-18,0.4121
2471,2025-07-21,0.4095
2472,2025-07-22,0.4112
2473,2025-07-23,0.4125
2474,2025-07-24,0.4293
2475,2025-07-25,0.4287
2476,2025-07-28,0.4332
2477,2025-07-29,0.4465
2478,2025-07-30,0.4453
2479,2025-07-31,0.4391
2480,2025-08-01,0.4357
2481,2025-08-04,0.4342
2482,2025-08-05,0.4373
2483,2025-08-06,0.4356
2484,2025-08-07,0.4297
2485,2025-08-08,0.4281
2486,2025-08-11,0.4339
2487,2025-08-12,0.4334
2488,2025-08-13,0.4449
2489,2025-08-14,0.4402
2490,2025-08-15,0.4427
2491,2025-08-18,0.4466
2492,2025-08-19,0.4409
2493,2025-08-20,0.4408
2494,2025-08-21,0.4431
2495,2025-08-22,0.4461
2496,2025-08-25,0.4588
2497,2025-08-26,0.4532
2498,2025-08-27,0.4429
2499,2025-08-28,0.4427
2500,2025-08-29,0.4503
2501,2025-09-01,0.4684
2502,2025-09-02,0.4686
2503,2025-09-03,0.4683
2504,2025-09-04,0.4496
2505,2025-09-05,0.4656
2506,2025-09-08,0.4731
2507,2025-09-09,0.4646
2508,2025-09-10,0.4633
2509,2025-09-11,0.4639
2510,2025-09-12,0.4652
2511,2025-09-15,0.468
2512,2025-09-16,0.467
2513,2025-09-17,0.4661
2514,2025-09-18,0.4646
2515,2025-09-19,0.458
2516,2025-09-22,0.4569
2517,2025-09-23,0.4472
2518,2025-09-24,0.4534
2519,2025-09-25,0.4564
2520,2025-09-26,0.4487
2521,2025-09-29,0.4515
2522,2025-09-30,0.459
2523,2025-10-09,0.4576
2524,2025-10-10,0.4482
2525,2025-10-13,0.439
2526,2025-10-14,0.4295
2527,2025-10-15,0.4375
2528,2025-10-16,0.4379
2529,2025-10-17,0.4293
2530,2025-10-20,0.4322
2531,2025-10-21,0.4375
2532,2025-10-22,0.4341
2533,2025-10-23,0.431
2534,2025-10-24,0.4338
2535,2025-10-27,0.4368
2536,2025-10-28,0.4335
2537,2025-10-29,0.4397
2538,2025-10-30,0.4296
2539,2025-10-31,0.4388
2540,2025-11-03,0.4363
2541,2025-11-04,0.429
2542,2025-11-05,0.4264
2543,2025-11-06,0.427
2544,2025-11-07,0.4244
2545,2025-11-10,0.4289
2546,2025-11-11,0.4271
2547,2025-11-12,0.427
2548,2025-11-13,0.4334
2549,2025-11-14,0.4318
2550,2025-11-17,0.4236
2551,2025-11-18,0.4201
2552,2025-11-19,0.4164
2553,2025-11-20,0.4148
2554,2025-11-21,0.4056
2555,2025-11-24,0.4101
2556,2025-11-25,0.4119
2557,2025-11-26,0.4131
2558,2025-11-27,0.4105
2559,2025-11-28,0.4098
2560,2025-12-01,0.4114
2561,2025-12-02,0.4041
2562,2025-12-03,0.4017
2563,2025-12-04,0.4023
2564,2025-12-05,0.4049
2565,2025-12-08,0.4045
2566,2025-12-09,0.4031
2567,2025-12-10,0.4052
2568,2025-12-11,0.4036
2569,2025-12-12,0.4055
2570,2025-12-15,0.399
2571,2025-12-16,0.3947
2572,2025-12-17,0.3991
2573,2025-12-18,0.3975
2574,2025-12-19,0.4034
2575,2025-12-22,0.4009
2576,2025-12-23,0.3984
2577,2025-12-24,0.4009
2578,2025-12-25,0.4022
2579,2025-12-26,0.403
2580,2025-12-29,0.3991
2581,2025-12-30,0.3968
2582,2025-12-31,0.3956
2583,2026-01-05,0.4082
2584,2026-01-06,0.4109
2585,2026-01-07,0.4159
2586,2026-01-08,0.4174
2587,2026-01-09,0.4238
2588,2026-01-12,0.424
2589,2026-01-13,0.4332
2590,2026-01-14,0.4291
2591,2026-01-15,0.4263
2592,2026-01-16,0.4222
2593,2026-01-19,0.4177
2594,2026-01-20,0.4131
2595,2026-01-21,0.4131
2596,2026-01-22,0.4098
2597,2026-01-23,0.4149
2598,2026-01-26,0.4213
2599,2026-01-27,0.4154
2600,2026-01-28,0.4089
2601,2026-01-29,0.4094
2602,2026-01-30,0.4053
2603,2026-02-02,0.3951
2604,2026-02-03,0.4018
2605,2026-02-04,0.4061
2606,2026-02-05,0.4058
2607,2026-02-06,0.4054
2608,2026-02-09,0.4065
2609,2026-02-10,0.4098
2610,2026-02-11,0.4086
2611,2026-02-12,0.4068
2612,2026-02-13,0.4002
2613,2026-02-24,0.3997
